{
  "file": "chapters.html",
  "input_ms": [
    0.7081200000000081,
    0.12046199999997498,
    0.06369700000004741,
    0.04117199999996046,
    0.10102199999994355,
    0.08715199999994638,
    0.06322499999998854,
    0.12950599999999213,
    0.19155899999998383,
    0.11481300000002648
  ],
  "click_ms": [
    2.7938990000000103,
    1.7448040000000447,
    0.8331279999999879,
    1.6146730000000389,
    1.383318999999915,
    0.6645029999999679,
    0.8638240000000224,
    1.2707189999999855,
    0.8833230000000185,
    1.0121880000000374,
    1.2726320000000442,
    0.7221700000000055,
    0.6998370000000023,
    0.64850899999999,
    0.7130359999999882,
    0.7359410000000253,
    1.6573530000000574,
    0.6027699999999641,
    0.7045940000000428,
    0.683131000000003
  ],
  "final_buttons": 275,
  "nodes": 886,
  "errs": []
}
{
  "file": "characters.html",
  "input_ms": [
    0.19764899999995578,
    0.04579999999998563,
    0.029805000000010295,
    0.025227999999970052,
    0.02330600000004779,
    0.022464000000013584,
    0.02266399999996338,
    0.09168900000008762,
    0.039340000000038344,
    0.024106999999958134
  ],
  "click_ms": [
    1.216626999999903,
    0.6008470000000443,
    0.6465070000000424,
    0.6278080000000728,
    0.5432899999999563,
    0.8205389999999397,
    0.5932259999999587,
    0.6323849999999993,
    0.5562799999999015,
    0.5331350000000157,
    0.5332349999999906,
    0.5701910000000225,
    0.5900609999999915,
    0.5170309999999745,
    0.5396749999999884,
    0.5620979999999918,
    0.6949590000000399,
    0.5553189999999404,
    0.5688789999999244,
    0.5251929999999447
  ],
  "final_buttons": 189,
  "nodes": 650,
  "errs": []
}
{
  "file": "techniques.html",
  "input_ms": [
    0.16047200000002704,
    0.04450700000006691,
    0.029504000000088126,
    0.025278000000071188,
    0.02133200000002944,
    0.02112200000010489,
    0.02317500000003747,
    0.02172300000006544,
    0.022934000000077504,
    0.02193299999998999
  ],
  "click_ms": [
    1.376559000000043,
    0.5726849999998649,
    0.4982919999999922,
    0.8136329999999816,
    1.0554030000000694,
    0.6793749999999363,
    0.5184019999999236,
    0.49282400000015514,
    0.4992139999999381,
    0.5221180000000913,
    0.5081170000000839,
    0.5607559999998557,
    0.8574399999999969,
    0.5382429999999658,
    0.5638409999999112,
    0.5809970000000249,
    0.8212650000000394,
    0.8567940000000362,
    0.4907410000000709,
    0.49027000000000953
  ],
  "final_buttons": 179,
  "nodes": 627,
  "errs": []
}
{
  "file": "terms.html",
  "input_ms": [
    0.16686199999981,
    0.0361249999998563,
    0.023315000000138753,
    0.020340000000032887,
    0.019199000000071464,
    0.018156999999973777,
    0.02014999999983047,
    0.019559999999955835,
    0.01907900000014706,
    0.018217999999933454
  ],
  "click_ms": [
    1.0372270000000299,
    0.5828509999998914,
    0.5271659999998519,
    0.7035820000000967,
    0.5898910000000797,
    0.4667050000000472,
    0.5139259999998558,
    0.4728939999999966,
    0.5352879999998095,
    0.4668050000000221,
    0.452453000000105,
    0.4446620000001076,
    0.43061099999999897,
    0.508167000000185,
    0.4545659999998861,
    0.5225689999999759,
    0.6473570000000564,
    0.5885789999999815,
    0.6073369999999159,
    0.5597749999999451
  ],
  "final_buttons": 173,
  "nodes": 626,
  "errs": []
}
